Timestamp(ms),PacketLoss,Throughput,Jitter,MsgRecv(Unrel),MsgRecv(UnrelSeq),MsgRecv(Rel),MsgRecv(RelOrd),MsgRecv(RelSeq),MsgRecv(UnrelAck),MsgRecv(RelAck),MsgRecv(RelOrdAck),Jitter(Unrel),Jitter(UnrelSeq),Jitter(Rel),Jitter(RelOrd),Jitter(RelSeq),Jitter(UnrelAck),Jitter(RelAck),Jitter(RelOrdAck)
19012,0.0000,2021,15190.00,13,161,2,0,0,0,0,0,788390.44,4777.43,313067.75,0.00,0.00,0.00,0.00,0.00
20029,0.0000,2021,15190.00,13,192,2,0,0,0,0,0,788390.44,3580.15,313067.75,0.00,0.00,0.00,0.00,0.00
21042,0.0000,2021,14242.00,16,224,2,0,0,0,0,0,983011.09,4219.78,313067.75,0.00,0.00,0.00,0.00,0.00
22054,0.0000,1936,14242.00,16,256,2,0,0,0,0,0,983011.09,5162.29,313067.75,0.00,0.00,0.00,0.00,0.00
23068,0.0000,2058,14242.00,16,288,2,0,0,0,0,0,983011.09,4544.16,313067.75,0.00,0.00,0.00,0.00,0.00
24081,0.0000,32471,14242.00,46,320,2,0,0,0,0,0,476864.66,3613.50,313067.75,0.00,0.00,0.00,0.00,0.00
25095,0.0000,400080,14242.00,438,352,2,0,0,0,0,0,2671.88,3430.71,313067.75,0.00,0.00,0.00,0.00,0.00
26106,0.0000,566883,15549.00,957,383,2,0,0,0,0,0,2751.70,6894.55,313067.75,0.00,0.00,0.00,0.00,0.00
27121,0.0000,759799,15549.00,1694,415,2,0,0,0,0,0,1863.63,6856.46,313067.75,0.00,0.00,0.00,0.00,0.00
28135,0.0000,920272,15549.00,2598,447,2,0,0,0,0,0,1359.14,6192.71,313067.75,0.00,0.00,0.00,0.00,0.00
29148,0.0000,1109248,15549.00,3688,479,2,0,0,0,0,0,1189.84,6643.71,313067.75,0.00,0.00,0.00,0.00,0.00
30157,0.0000,1335745,15549.00,5010,510,2,0,0,0,0,0,454.56,8862.92,313067.75,0.00,0.00,0.00,0.00,0.00
31157,0.0000,1613312,20598.00,6489,542,2,0,0,0,0,0,547.90,8408.45,313067.75,0.00,0.00,0.00,0.00,0.00
32157,0.0000,1677144,20598.00,8106,574,2,0,0,0,0,0,917.67,9883.76,313067.75,0.00,0.00,0.00,0.00,0.00
33168,0.0000,1860072,20598.00,9928,606,2,0,0,0,0,0,487.83,7369.65,313067.75,0.00,0.00,0.00,0.00,0.00
34182,0.0000,2260541,20598.00,11995,638,2,0,0,0,0,0,293.76,7827.47,313067.75,0.00,0.00,0.00,0.00,0.00
35193,0.0000,2373249,20598.00,14193,669,2,0,0,0,0,0,694.39,9511.04,313067.75,0.00,0.00,0.00,0.00,0.00
36207,0.0000,2571409,16373.00,16618,702,2,0,0,0,0,0,306.06,10003.42,313067.75,0.00,0.00,0.00,0.00,0.00
37221,0.0000,2570311,16373.00,19034,733,2,0,0,0,0,0,490.42,9780.55,313067.75,0.00,0.00,0.00,0.00,0.00
38233,0.0000,3079334,16373.00,21998,766,2,0,0,0,0,0,1234.24,7354.40,313067.75,0.00,0.00,0.00,0.00,0.00
39246,0.0000,3053872,16373.00,24945,797,2,0,0,0,0,0,1347.37,10852.22,313067.75,0.00,0.00,0.00,0.00,0.00
40261,0.0000,3378022,16373.00,28269,828,2,0,0,0,0,0,159.46,13415.70,313067.75,0.00,0.00,0.00,0.00,0.00
41271,0.0000,3528296,27792.00,31779,861,2,0,0,0,0,0,353.37,12334.65,313067.75,0.00,0.00,0.00,0.00,0.00
42284,0.0000,2770672,27792.00,34090,893,2,0,0,0,0,0,731.68,9471.79,313067.75,0.00,0.00,0.00,0.00,0.00
43284,0.0000,2054,27792.00,34090,925,2,0,0,0,0,0,731.68,5198.36,313067.75,0.00,0.00,0.00,0.00,0.00
44298,0.0000,1881,27792.00,34090,956,2,0,0,0,0,0,731.68,3145.68,313067.75,0.00,0.00,0.00,0.00,0.00
45311,0.0000,2143,14895.00,34093,988,2,0,0,0,0,0,189109.86,5350.69,313067.75,0.00,0.00,0.00,0.00,0.00
46325,0.0000,1881,14895.00,34093,1019,2,0,0,0,0,0,189109.86,4595.76,313067.75,0.00,0.00,0.00,0.00,0.00
47339,0.0000,2058,14895.00,34093,1051,2,0,0,0,0,0,189109.86,2625.97,313067.75,0.00,0.00,0.00,0.00,0.00
48352,0.0000,2058,14895.00,34093,1083,2,0,0,0,0,0,189109.86,5146.23,313067.75,0.00,0.00,0.00,0.00,0.00
49365,0.0000,1940,14895.00,34093,1114,2,0,0,0,0,0,189109.86,4316.30,313067.75,0.00,0.00,0.00,0.00,0.00
50379,0.0000,2025,18578.00,34096,1147,2,0,0,0,0,0,460355.64,4450.59,313067.75,0.00,0.00,0.00,0.00,0.00
51393,0.0000,1947,18578.00,34096,1178,2,0,0,0,0,0,460355.64,3077.34,313067.75,0.00,0.00,0.00,0.00,0.00
52405,0.0000,1999,18578.00,34096,1211,2,0,0,0,0,0,460355.64,1813.45,313067.75,0.00,0.00,0.00,0.00,0.00
53417,0.0000,1877,18578.00,34096,1242,2,0,0,0,0,0,460355.64,3967.43,313067.75,0.00,0.00,0.00,0.00,0.00
54417,0.0000,1999,18578.00,34096,1273,2,0,0,0,0,0,460355.64,3935.16,313067.75,0.00,0.00,0.00,0.00,0.00
55429,0.0000,2080,12976.00,34099,1305,2,0,0,0,0,0,697281.35,4315.80,313067.75,0.00,0.00,0.00,0.00,0.00
56442,0.0000,1936,12976.00,34099,1337,2,0,0,0,0,0,697281.35,3354.12,313067.75,0.00,0.00,0.00,0.00,0.00
57454,0.0000,2006,12976.00,34099,1369,2,0,0,0,0,0,697281.35,3221.20,313067.75,0.00,0.00,0.00,0.00,0.00
58468,0.0000,1881,12976.00,34099,1400,2,0,0,0,0,0,697281.35,3407.07,313067.75,0.00,0.00,0.00,0.00,0.00
59481,0.0000,2058,12976.00,34099,1432,2,0,0,0,0,0,697281.35,3760.98,313067.75,0.00,0.00,0.00,0.00,0.00
60496,0.0000,2084,13988.00,34102,1464,2,0,0,0,0,0,904147.50,4464.47,313067.75,0.00,0.00,0.00,0.00,0.00
61508,0.0000,1881,13988.00,34102,1495,2,0,0,0,0,0,904147.50,4857.71,313067.75,0.00,0.00,0.00,0.00,0.00
62523,0.0000,2058,13988.00,34102,1528,2,0,0,0,0,0,904147.50,4222.87,313067.75,0.00,0.00,0.00,0.00,0.00
63537,0.0000,1936,13988.00,34102,1559,2,0,0,0,0,0,904147.50,3158.84,313067.75,0.00,0.00,0.00,0.00,0.00
64548,0.0000,1888,13988.00,34102,1591,2,0,0,0,0,0,904147.50,3225.77,313067.75,0.00,0.00,0.00,0.00,0.00
65564,0.0000,2021,16032.00,34105,1622,2,0,0,0,0,0,1083693.22,4467.91,313067.75,0.00,0.00,0.00,0.00,0.00
66576,0.0000,1999,16032.00,34105,1655,2,0,0,0,0,0,1083693.22,5758.97,313067.75,0.00,0.00,0.00,0.00,0.00
67588,0.0000,2117,16032.00,34105,1687,2,0,0,0,0,0,1083693.22,3630.69,313067.75,0.00,0.00,0.00,0.00,0.00
68601,0.0000,2058,16032.00,34105,1719,2,0,0,0,0,0,1083693.22,2745.17,313067.75,0.00,0.00,0.00,0.00,0.00
69614,0.0000,1999,16032.00,34105,1751,2,0,0,0,0,0,1083693.22,3908.20,313067.75,0.00,0.00,0.00,0.00,0.00
70629,0.0000,1910,17321.00,34108,1782,2,0,0,0,0,0,1239222.41,3899.55,313067.75,0.00,0.00,0.00,0.00,0.00
71640,0.0000,2058,17321.00,34108,1814,2,0,0,0,0,0,1239222.41,2210.82,313067.75,0.00,0.00,0.00,0.00,0.00
72640,0.0000,1940,17321.00,34108,1846,2,0,0,0,0,0,1239222.41,4296.87,313067.75,0.00,0.00,0.00,0.00,0.00
73652,0.0000,2054,17321.00,34108,1877,2,0,0,0,0,0,1239222.41,3714.38,313067.75,0.00,0.00,0.00,0.00,0.00
74667,0.0000,1995,17321.00,34108,1909,2,0,0,0,0,0,1239222.41,3077.37,313067.75,0.00,0.00,0.00,0.00,0.00
75678,0.0000,2025,19875.00,34111,1941,2,0,0,0,0,0,1373939.01,3409.74,313067.75,0.00,0.00,0.00,0.00,0.00
76692,0.0000,2065,19875.00,34111,1973,2,0,0,0,0,0,1373939.01,6175.63,313067.75,0.00,0.00,0.00,0.00,0.00
77705,0.0000,1936,19875.00,34111,2004,2,0,0,0,0,0,1373939.01,4259.92,313067.75,0.00,0.00,0.00,0.00,0.00
78715,0.0000,1940,19875.00,34111,2036,2,0,0,0,0,0,1373939.01,1634.18,313067.75,0.00,0.00,0.00,0.00,0.00
79717,0.0000,2117,19875.00,34111,2068,2,0,0,0,0,0,1373939.01,3184.00,313067.75,0.00,0.00,0.00,0.00,0.00
80730,0.0000,2084,13006.00,34114,2099,2,0,0,0,0,0,1489778.98,2422.39,313067.75,0.00,0.00,0.00,0.00,0.00
81743,0.0000,1999,13006.00,34114,2132,2,0,0,0,0,0,1489778.98,6241.83,313067.75,0.00,0.00,0.00,0.00,0.00
82757,0.0000,1877,13006.00,34114,2163,2,0,0,0,0,0,1489778.98,5733.59,313067.75,0.00,0.00,0.00,0.00,0.00
83769,0.0000,2054,13006.00,34114,2195,2,0,0,0,0,0,1489778.98,2142.38,313067.75,0.00,0.00,0.00,0.00,0.00
84782,0.0000,1999,13006.00,34114,2227,2,0,0,0,0,0,1489778.98,3728.79,313067.75,0.00,0.00,0.00,0.00,0.00
85795,0.0000,2080,13390.00,34117,2259,2,0,0,0,0,0,1589688.48,4767.81,313067.75,0.00,0.00,0.00,0.00,0.00
86808,0.0000,2058,13390.00,34117,2290,2,0,0,0,0,0,1589688.48,3321.94,313067.75,0.00,0.00,0.00,0.00,0.00
87822,0.0000,1999,13390.00,34117,2322,2,0,0,0,0,0,1589688.48,4488.13,313067.75,0.00,0.00,0.00,0.00,0.00
88837,0.0000,1995,13390.00,34117,2354,2,0,0,0,0,0,1589688.48,3392.71,313067.75,0.00,0.00,0.00,0.00,0.00
89849,0.0000,1888,13390.00,34117,2386,2,0,0,0,0,0,1589688.48,5866.80,313067.75,0.00,0.00,0.00,0.00,0.00
90862,0.0000,2143,16851.00,34120,2418,2,0,0,0,0,0,1676042.46,5534.54,313067.75,0.00,0.00,0.00,0.00,0.00
91876,0.0000,1940,16851.00,34120,2449,2,0,0,0,0,0,1676042.46,3808.87,313067.75,0.00,0.00,0.00,0.00,0.00
92888,0.0000,2058,16851.00,34120,2480,2,0,0,0,0,0,1676042.46,4399.39,313067.75,0.00,0.00,0.00,0.00,0.00
93903,0.0000,2058,16851.00,34120,2513,2,0,0,0,0,0,1676042.46,3218.64,313067.75,0.00,0.00,0.00,0.00,0.00
94914,0.0000,1936,16851.00,34120,2544,2,0,0,0,0,0,1676042.46,4244.54,313067.75,0.00,0.00,0.00,0.00,0.00
95929,0.0000,2087,26097.00,34123,2576,2,0,0,0,0,0,1750016.50,4301.81,313067.75,0.00,0.00,0.00,0.00,0.00
96943,0.0000,2058,26097.00,34123,2608,2,0,0,0,0,0,1750016.50,4533.30,313067.75,0.00,0.00,0.00,0.00,0.00
97954,0.0000,1936,26097.00,34123,2639,2,0,0,0,0,0,1750016.50,5249.31,313067.75,0.00,0.00,0.00,0.00,0.00
98969,0.0000,2058,26097.00,34123,2671,2,0,0,0,0,0,1750016.50,3624.53,313067.75,0.00,0.00,0.00,0.00,0.00
99984,0.0000,1995,26097.00,34123,2702,2,0,0,0,0,0,1750016.50,3693.98,313067.75,0.00,0.00,0.00,0.00,0.00
100997,0.0000,2080,17742.00,34126,2735,2,0,0,0,0,0,1814279.84,3196.84,313067.75,0.00,0.00,0.00,0.00,0.00
102009,0.0000,1881,17742.00,34126,2766,2,0,0,0,0,0,1814279.84,2823.91,313067.75,0.00,0.00,0.00,0.00,0.00
103021,0.0000,2058,17742.00,34126,2798,2,0,0,0,0,0,1814279.84,2319.79,313067.75,0.00,0.00,0.00,0.00,0.00
104036,0.0000,1999,17742.00,34126,2830,2,0,0,0,0,0,1814279.84,2295.35,313067.75,0.00,0.00,0.00,0.00,0.00
105048,0.0000,1940,17742.00,34126,2862,2,0,0,0,0,0,1814279.84,3126.05,313067.75,0.00,0.00,0.00,0.00,0.00
106063,0.0000,2195,14805.00,34129,2894,2,0,0,0,0,0,1869863.80,5795.14,313067.75,0.00,0.00,0.00,0.00,0.00
107077,0.0000,1999,14805.00,34129,2925,2,0,0,0,0,0,1869863.80,3089.49,313067.75,0.00,0.00,0.00,0.00,0.00
108088,0.0000,1995,14805.00,34129,2958,2,0,0,0,0,0,1869863.80,1828.67,313067.75,0.00,0.00,0.00,0.00,0.00
109102,0.0000,2006,14805.00,34129,2989,2,0,0,0,0,0,1869863.80,3428.92,313067.75,0.00,0.00,0.00,0.00,0.00
110115,0.0000,1999,14805.00,34129,3021,2,0,0,0,0,0,1869863.80,1921.96,313067.75,0.00,0.00,0.00,0.00,0.00
111129,0.0000,2143,16392.00,34132,3053,2,0,0,0,0,0,1916673.81,4160.15,313067.75,0.00,0.00,0.00,0.00,0.00
112142,0.0000,1940,16392.00,34132,3084,2,0,0,0,0,0,1916673.81,3100.62,313067.75,0.00,0.00,0.00,0.00,0.00
113154,0.0000,1940,16392.00,34132,3116,2,0,0,0,0,0,1916673.81,3735.13,313067.75,0.00,0.00,0.00,0.00,0.00
114169,0.0000,1995,16392.00,34132,3147,2,0,0,0,0,0,1916673.81,3158.08,313067.75,0.00,0.00,0.00,0.00,0.00
115181,0.0000,1963,16392.00,34133,3179,2,0,0,0,0,0,2011461.17,3762.26,313067.75,0.00,0.00,0.00,0.00,0.00
116197,0.0000,1946,13378.00,34135,3210,2,0,0,0,0,0,1956208.87,4017.13,313067.75,0.00,0.00,0.00,0.00,0.00
117208,0.0000,2054,13378.00,34135,3242,2,0,0,0,0,0,1956208.87,4426.21,313067.75,0.00,0.00,0.00,0.00,0.00
118222,0.0000,2058,13378.00,34135,3274,2,0,0,0,0,0,1956208.87,5230.63,313067.75,0.00,0.00,0.00,0.00,0.00
119235,0.0000,1881,13378.00,34135,3305,2,0,0,0,0,0,1956208.87,4247.83,313067.75,0.00,0.00,0.00,0.00,0.00
120249,0.0000,2171,13378.00,34137,3338,2,0,0,0,0,0,2023789.70,2016.15,313067.75,0.00,0.00,0.00,0.00,0.00
121263,0.0000,2037,14971.00,34138,3369,2,0,0,0,0,0,1989807.40,3557.70,313067.75,0.00,0.00,0.00,0.00,0.00
122274,0.0000,1947,14971.00,34138,3401,2,0,0,0,0,0,1989807.40,4157.32,313067.75,0.00,0.00,0.00,0.00,0.00
123289,0.0000,1995,14971.00,34138,3432,2,0,0,0,0,0,1989807.40,3314.66,313067.75,0.00,0.00,0.00,0.00,0.00
124302,0.0000,1995,14971.00,34138,3464,2,0,0,0,0,0,1989807.40,2760.36,313067.75,0.00,0.00,0.00,0.00,0.00
125316,0.0000,2018,14971.00,34141,3496,2,0,0,0,0,0,2017804.55,1845.40,313067.75,0.00,0.00,0.00,0.00,0.00
126329,0.0000,2089,15664.00,34141,3528,2,0,0,0,0,0,2017804.55,4477.08,313067.75,0.00,0.00,0.00,0.00,0.00
127342,0.0000,2054,15664.00,34141,3560,2,0,0,0,0,0,2017804.55,3515.04,313067.75,0.00,0.00,0.00,0.00,0.00
128356,0.0000,1888,15664.00,34141,3592,2,0,0,0,0,0,2017804.55,2958.16,313067.75,0.00,0.00,0.00,0.00,0.00
129368,0.0000,2117,15664.00,34141,3624,2,0,0,0,0,0,2017804.55,2138.13,313067.75,0.00,0.00,0.00,0.00,0.00
130382,0.0000,2080,14317.00,34144,3655,2,0,0,0,0,0,2041129.72,3357.82,313067.75,0.00,0.00,0.00,0.00,0.00
131396,0.0000,1999,14317.00,34144,3687,2,0,0,0,0,0,2041129.72,2940.41,313067.75,0.00,0.00,0.00,0.00,0.00
132407,0.0000,1940,14317.00,34144,3719,2,0,0,0,0,0,2041129.72,2999.89,313067.75,0.00,0.00,0.00,0.00,0.00
133422,0.0000,1999,14317.00,34144,3750,2,0,0,0,0,0,2041129.72,4315.87,313067.75,0.00,0.00,0.00,0.00,0.00
134436,0.0000,1947,14317.00,34144,3782,2,0,0,0,0,0,2041129.72,4116.25,313067.75,0.00,0.00,0.00,0.00,0.00
135449,0.0000,2139,17014.00,34147,3814,2,0,0,0,0,0,2060629.00,4260.33,313067.75,0.00,0.00,0.00,0.00,0.00
136461,0.0000,2058,17014.00,34147,3846,2,0,0,0,0,0,2060629.00,4847.17,313067.75,0.00,0.00,0.00,0.00,0.00
137476,0.0000,1940,17014.00,34147,3877,2,0,0,0,0,0,2060629.00,4496.42,313067.75,0.00,0.00,0.00,0.00,0.00
138489,0.0000,2058,17014.00,34147,3909,2,0,0,0,0,0,2060629.00,4643.31,313067.75,0.00,0.00,0.00,0.00,0.00
139501,0.0000,2054,17014.00,34147,3942,2,0,0,0,0,0,2060629.00,2700.54,313067.75,0.00,0.00,0.00,0.00,0.00
140517,0.0000,2021,13074.00,34150,3973,2,0,0,0,0,0,2077406.91,3841.77,313067.75,0.00,0.00,0.00,0.00,0.00
141530,0.0000,2113,13074.00,34150,4005,2,0,0,0,0,0,2077406.91,3933.93,313067.75,0.00,0.00,0.00,0.00,0.00
142541,0.0000,1999,13074.00,34150,4036,2,0,0,0,0,0,2077406.91,3045.62,313067.75,0.00,0.00,0.00,0.00,0.00
143556,0.0000,1999,13074.00,34150,4068,2,0,0,0,0,0,2077406.91,3401.66,313067.75,0.00,0.00,0.00,0.00,0.00
144569,0.0000,1940,13074.00,34150,4100,2,0,0,0,0,0,2077406.91,4654.84,313067.75,0.00,0.00,0.00,0.00,0.00
145582,0.0000,2084,14616.00,34153,4131,2,0,0,0,0,0,2091043.76,4821.64,313067.75,0.00,0.00,0.00,0.00,0.00
146595,0.0000,1995,14616.00,34153,4163,2,0,0,0,0,0,2091043.76,4167.04,313067.75,0.00,0.00,0.00,0.00,0.00
147610,0.0000,1829,14616.00,34153,4194,2,0,0,0,0,0,2091043.76,3225.05,313067.75,0.00,0.00,0.00,0.00,0.00
148624,0.0000,2176,14616.00,34153,4227,2,0,0,0,0,0,2091043.76,2762.18,313067.75,0.00,0.00,0.00,0.00,0.00
149635,0.0000,1995,14616.00,34153,4258,2,0,0,0,0,0,2091043.76,3841.64,313067.75,0.00,0.00,0.00,0.00,0.00
150650,0.0000,2084,18803.00,34156,4290,2,0,0,0,0,0,2101891.61,2043.09,313067.75,0.00,0.00,0.00,0.00,0.00
151663,0.0000,1940,18803.00,34156,4322,2,0,0,0,0,0,2101891.61,2293.94,313067.75,0.00,0.00,0.00,0.00,0.00
152675,0.0000,1940,18803.00,34156,4353,2,0,0,0,0,0,2101891.61,4474.32,313067.75,0.00,0.00,0.00,0.00,0.00
153688,0.0000,2054,18803.00,34156,4386,2,0,0,0,0,0,2101891.61,2991.23,313067.75,0.00,0.00,0.00,0.00,0.00
154704,0.0000,1829,18803.00,34156,4417,2,0,0,0,0,0,2101891.61,3697.08,313067.75,0.00,0.00,0.00,0.00,0.00
155714,0.0000,2143,12426.00,34159,4449,2,0,0,0,0,0,2110110.20,2133.27,313067.75,0.00,0.00,0.00,0.00,0.00
156727,0.0000,1999,12426.00,34159,4481,2,0,0,0,0,0,2110110.20,3622.60,313067.75,0.00,0.00,0.00,0.00,0.00
157742,0.0000,1940,12426.00,34159,4513,2,0,0,0,0,0,2110110.20,2736.18,313067.75,0.00,0.00,0.00,0.00,0.00
158754,0.0000,1940,12426.00,34159,4545,2,0,0,0,0,0,2110110.20,2758.11,313067.75,0.00,0.00,0.00,0.00,0.00
159769,0.0000,1936,12426.00,34159,4576,2,0,0,0,0,0,2110110.20,3979.45,313067.75,0.00,0.00,0.00,0.00,0.00
